INSERT INTO line (id, name)
VALUES (1, '1호선');
INSERT INTO line (id, name)
VALUES (2, '2호선');

INSERT INTO station (id, name)
VALUES (1, '가능');
INSERT INTO station (id, name)
VALUES (2, '간석');
INSERT INTO station (id, name)
VALUES (3, '개봉');
INSERT INTO station (id, name)
VALUES (4, '광운대');
INSERT INTO station (id, name)
VALUES (5, '구로');
INSERT INTO station (id, name)
VALUES (6, '구일');
INSERT INTO station (id, name)
VALUES (7, '남영');
INSERT INTO station (id, name)
VALUES (8, '노량진');
INSERT INTO station (id, name)
VALUES (9, '녹양');
INSERT INTO station (id, name)
VALUES (10, '녹천');
INSERT INTO station (id, name)
VALUES (11, '대방');
INSERT INTO station (id, name)
VALUES (12, '덕계');
INSERT INTO station (id, name)
VALUES (13, '덕정');
INSERT INTO station (id, name)
VALUES (14, '도봉');
INSERT INTO station (id, name)
VALUES (15, '도봉산');
INSERT INTO station (id, name)
VALUES (16, '도원');
INSERT INTO station (id, name)
VALUES (17, '도화');
INSERT INTO station (id, name)
VALUES (18, '동대문');
INSERT INTO station (id, name)
VALUES (19, '동두천');
INSERT INTO station (id, name)
VALUES (20, '동두천중앙');
INSERT INTO station (id, name)
VALUES (21, '동묘앞');
INSERT INTO station (id, name)
VALUES (22, '동암');
INSERT INTO station (id, name)
VALUES (23, '동인천');
INSERT INTO station (id, name)
VALUES (24, '망월사');
INSERT INTO station (id, name)
VALUES (25, '방학');
INSERT INTO station (id, name)
VALUES (26, '백운');
INSERT INTO station (id, name)
VALUES (27, '보산');
INSERT INTO station (id, name)
VALUES (28, '부개');
INSERT INTO station (id, name)
VALUES (29, '부천');
INSERT INTO station (id, name)
VALUES (30, '부평');
INSERT INTO station (id, name)
VALUES (31, '서울역');
INSERT INTO station (id, name)
VALUES (32, '석계');
INSERT INTO station (id, name)
VALUES (33, '소사');
INSERT INTO station (id, name)
VALUES (34, '소요산');
INSERT INTO station (id, name)
VALUES (35, '송내');
INSERT INTO station (id, name)
VALUES (36, '시청');
INSERT INTO station (id, name)
VALUES (37, '신길');
INSERT INTO station (id, name)
VALUES (38, '신도림');
INSERT INTO station (id, name)
VALUES (39, '신설동');
INSERT INTO station (id, name)
VALUES (40, '신이문');
INSERT INTO station (id, name)
VALUES (41, '양주');
INSERT INTO station (id, name)
VALUES (42, '역곡');
INSERT INTO station (id, name)
VALUES (43, '영등포');
INSERT INTO station (id, name)
VALUES (44, '오류동');
INSERT INTO station (id, name)
VALUES (45, '온수');
INSERT INTO station (id, name)
VALUES (46, '외대앞');
INSERT INTO station (id, name)
VALUES (47, '용산');
INSERT INTO station (id, name)
VALUES (48, '월계');
INSERT INTO station (id, name)
VALUES (49, '의정부');
INSERT INTO station (id, name)
VALUES (50, '인천');
INSERT INTO station (id, name)
VALUES (51, '제기동');
INSERT INTO station (id, name)
VALUES (52, '제물포');
INSERT INTO station (id, name)
VALUES (53, '종각');
INSERT INTO station (id, name)
VALUES (54, '종로3가');
INSERT INTO station (id, name)
VALUES (55, '종로5가');
INSERT INTO station (id, name)
VALUES (56, '주안');
INSERT INTO station (id, name)
VALUES (57, '중동');
INSERT INTO station (id, name)
VALUES (58, '지행');
INSERT INTO station (id, name)
VALUES (59, '창동');
INSERT INTO station (id, name)
VALUES (60, '청량리');
INSERT INTO station (id, name)
VALUES (61, '회기');
INSERT INTO station (id, name)
VALUES (62, '회룡');
INSERT INTO station (id, name)
VALUES (63, '회정');

INSERT INTO station (id, name)
VALUES (64, '강남');
INSERT INTO station (id, name)
VALUES (65, '잠실');
INSERT INTO station (id, name)
VALUES (66, '홍대입구');
INSERT INTO station (id, name)
VALUES (67, '신림');
INSERT INTO station (id, name)
VALUES (68, '구로디지털단지');
INSERT INTO station (id, name)
VALUES (69, '삼성');
INSERT INTO station (id, name)
VALUES (71, '서울대입구');
INSERT INTO station (id, name)
VALUES (72, '선릉');
INSERT INTO station (id, name)
VALUES (73, '을지로입구');
INSERT INTO station (id, name)
VALUES (74, '역삼');
INSERT INTO station (id, name)
VALUES (75, '신촌');
INSERT INTO station (id, name)
VALUES (76, '건대입구');
INSERT INTO station (id, name)
VALUES (77, '사당');
INSERT INTO station (id, name)
VALUES (78, '강변');
INSERT INTO station (id, name)
VALUES (79, '교대');
INSERT INTO station (id, name)
VALUES (80, '합정');
INSERT INTO station (id, name)
VALUES (81, '성수');
INSERT INTO station (id, name)
VALUES (82, '대림');
INSERT INTO station (id, name)
VALUES (83, '낙성대');
INSERT INTO station (id, name)
VALUES (84, '신대방');
INSERT INTO station (id, name)
VALUES (85, '잠실새내');
INSERT INTO station (id, name)
VALUES (87, '봉천');
INSERT INTO station (id, name)
VALUES (88, '구의');
INSERT INTO station (id, name)
VALUES (89, '서초');
INSERT INTO station (id, name)
VALUES (90, '당산');
INSERT INTO station (id, name)
VALUES (91, '을지로3가');
INSERT INTO station (id, name)
VALUES (92, '영등포구청');
INSERT INTO station (id, name)
VALUES (93, '동대문역사문화공원');
INSERT INTO station (id, name)
VALUES (94, '이대');
INSERT INTO station (id, name)
VALUES (95, '문래');
INSERT INTO station (id, name)
VALUES (96, '방배');
INSERT INTO station (id, name)
VALUES (97, '뚝섬');
INSERT INTO station (id, name)
VALUES (98, '왕십리');
INSERT INTO station (id, name)
VALUES (99, '잠실나루');
INSERT INTO station (id, name)
VALUES (100, '신당');
INSERT INTO station (id, name)
VALUES (101, '상왕십리');
INSERT INTO station (id, name)
VALUES (102, '종합운동장');
INSERT INTO station (id, name)
VALUES (103, '을지로4가');
INSERT INTO station (id, name)
VALUES (104, '한양대');
INSERT INTO station (id, name)
VALUES (105, '충정로');
INSERT INTO station (id, name)
VALUES (106, '아현');
INSERT INTO station (id, name)
VALUES (107, '신정네거리');
INSERT INTO station (id, name)
VALUES (108, '양천구청');
INSERT INTO station (id, name)
VALUES (110, '용답');
INSERT INTO station (id, name)
VALUES (111, '용두');
INSERT INTO station (id, name)
VALUES (112, '신답');
INSERT INTO station (id, name)
VALUES (113, '도림천');


INSERT INTO line_stations (stations_id, line_id)
VALUES (1, 1);
INSERT INTO line_stations (stations_id, line_id)
VALUES (2, 1);
INSERT INTO line_stations (stations_id, line_id)
VALUES (3, 1);
INSERT INTO line_stations (stations_id, line_id)
VALUES (4, 1);
INSERT INTO line_stations (stations_id, line_id)
VALUES (5, 1);
INSERT INTO line_stations (stations_id, line_id)
VALUES (6, 1);
INSERT INTO line_stations (stations_id, line_id)
VALUES (7, 1);
INSERT INTO line_stations (stations_id, line_id)
VALUES (8, 1);
INSERT INTO line_stations (stations_id, line_id)
VALUES (9, 1);
INSERT INTO line_stations (stations_id, line_id)
VALUES (10, 1);
INSERT INTO line_stations (stations_id, line_id)
VALUES (11, 1);
INSERT INTO line_stations (stations_id, line_id)
VALUES (12, 1);
INSERT INTO line_stations (stations_id, line_id)
VALUES (13, 1);
INSERT INTO line_stations (stations_id, line_id)
VALUES (14, 1);
INSERT INTO line_stations (stations_id, line_id)
VALUES (15, 1);
INSERT INTO line_stations (stations_id, line_id)
VALUES (16, 1);
INSERT INTO line_stations (stations_id, line_id)
VALUES (17, 1);
INSERT INTO line_stations (stations_id, line_id)
VALUES (18, 1);
INSERT INTO line_stations (stations_id, line_id)
VALUES (19, 1);
INSERT INTO line_stations (stations_id, line_id)
VALUES (20, 1);
INSERT INTO line_stations (stations_id, line_id)
VALUES (21, 1);
INSERT INTO line_stations (stations_id, line_id)
VALUES (22, 1);
INSERT INTO line_stations (stations_id, line_id)
VALUES (23, 1);
INSERT INTO line_stations (stations_id, line_id)
VALUES (24, 1);
INSERT INTO line_stations (stations_id, line_id)
VALUES (25, 1);
INSERT INTO line_stations (stations_id, line_id)
VALUES (26, 1);
INSERT INTO line_stations (stations_id, line_id)
VALUES (27, 1);
INSERT INTO line_stations (stations_id, line_id)
VALUES (28, 1);
INSERT INTO line_stations (stations_id, line_id)
VALUES (29, 1);
INSERT INTO line_stations (stations_id, line_id)
VALUES (30, 1);
INSERT INTO line_stations (stations_id, line_id)
VALUES (31, 1);
INSERT INTO line_stations (stations_id, line_id)
VALUES (32, 1);
INSERT INTO line_stations (stations_id, line_id)
VALUES (33, 1);
INSERT INTO line_stations (stations_id, line_id)
VALUES (34, 1);
INSERT INTO line_stations (stations_id, line_id)
VALUES (35, 1);
INSERT INTO line_stations (stations_id, line_id)
VALUES (36, 1);
INSERT INTO line_stations (stations_id, line_id)
VALUES (37, 1);
INSERT INTO line_stations (stations_id, line_id)
VALUES (38, 1);
INSERT INTO line_stations (stations_id, line_id)
VALUES (39, 1);
INSERT INTO line_stations (stations_id, line_id)
VALUES (40, 1);
INSERT INTO line_stations (stations_id, line_id)
VALUES (41, 1);
INSERT INTO line_stations (stations_id, line_id)
VALUES (42, 1);
INSERT INTO line_stations (stations_id, line_id)
VALUES (43, 1);
INSERT INTO line_stations (stations_id, line_id)
VALUES (44, 1);
INSERT INTO line_stations (stations_id, line_id)
VALUES (45, 1);
INSERT INTO line_stations (stations_id, line_id)
VALUES (46, 1);
INSERT INTO line_stations (stations_id, line_id)
VALUES (47, 1);
INSERT INTO line_stations (stations_id, line_id)
VALUES (48, 1);
INSERT INTO line_stations (stations_id, line_id)
VALUES (49, 1);
INSERT INTO line_stations (stations_id, line_id)
VALUES (50, 1);
INSERT INTO line_stations (stations_id, line_id)
VALUES (51, 1);
INSERT INTO line_stations (stations_id, line_id)
VALUES (52, 1);
INSERT INTO line_stations (stations_id, line_id)
VALUES (53, 1);
INSERT INTO line_stations (stations_id, line_id)
VALUES (54, 1);
INSERT INTO line_stations (stations_id, line_id)
VALUES (55, 1);
INSERT INTO line_stations (stations_id, line_id)
VALUES (56, 1);
INSERT INTO line_stations (stations_id, line_id)
VALUES (57, 1);
INSERT INTO line_stations (stations_id, line_id)
VALUES (58, 1);
INSERT INTO line_stations (stations_id, line_id)
VALUES (59, 1);
INSERT INTO line_stations (stations_id, line_id)
VALUES (60, 1);
INSERT INTO line_stations (stations_id, line_id)
VALUES (61, 1);
INSERT INTO line_stations (stations_id, line_id)
VALUES (62, 1);
INSERT INTO line_stations (stations_id, line_id)
VALUES (63, 1);

INSERT INTO line_stations (stations_id, line_id)
VALUES (64, 2);
INSERT INTO line_stations (stations_id, line_id)
VALUES (65, 2);
INSERT INTO line_stations (stations_id, line_id)
VALUES (66, 2);
INSERT INTO line_stations (stations_id, line_id)
VALUES (67, 2);
INSERT INTO line_stations (stations_id, line_id)
VALUES (68, 2);
INSERT INTO line_stations (stations_id, line_id)
VALUES (69, 2);
INSERT INTO line_stations (stations_id, line_id)
VALUES (38, 2);
INSERT INTO line_stations (stations_id, line_id)
VALUES (71, 2);
INSERT INTO line_stations (stations_id, line_id)
VALUES (72, 2);
INSERT INTO line_stations (stations_id, line_id)
VALUES (73, 2);
INSERT INTO line_stations (stations_id, line_id)
VALUES (74, 2);
INSERT INTO line_stations (stations_id, line_id)
VALUES (75, 2);
INSERT INTO line_stations (stations_id, line_id)
VALUES (76, 2);
INSERT INTO line_stations (stations_id, line_id)
VALUES (77, 2);
INSERT INTO line_stations (stations_id, line_id)
VALUES (78, 2);
INSERT INTO line_stations (stations_id, line_id)
VALUES (79, 2);
INSERT INTO line_stations (stations_id, line_id)
VALUES (80, 2);
INSERT INTO line_stations (stations_id, line_id)
VALUES (81, 2);
INSERT INTO line_stations (stations_id, line_id)
VALUES (82, 2);
INSERT INTO line_stations (stations_id, line_id)
VALUES (83, 2);
INSERT INTO line_stations (stations_id, line_id)
VALUES (84, 2);
INSERT INTO line_stations (stations_id, line_id)
VALUES (85, 2);
INSERT INTO line_stations (stations_id, line_id)
VALUES (36, 2);
INSERT INTO line_stations (stations_id, line_id)
VALUES (87, 2);
INSERT INTO line_stations (stations_id, line_id)
VALUES (88, 2);
INSERT INTO line_stations (stations_id, line_id)
VALUES (89, 2);
INSERT INTO line_stations (stations_id, line_id)
VALUES (90, 2);
INSERT INTO line_stations (stations_id, line_id)
VALUES (91, 2);
INSERT INTO line_stations (stations_id, line_id)
VALUES (92, 2);
INSERT INTO line_stations (stations_id, line_id)
VALUES (93, 2);
INSERT INTO line_stations (stations_id, line_id)
VALUES (94, 2);
INSERT INTO line_stations (stations_id, line_id)
VALUES (95, 2);
INSERT INTO line_stations (stations_id, line_id)
VALUES (96, 2);
INSERT INTO line_stations (stations_id, line_id)
VALUES (97, 2);
INSERT INTO line_stations (stations_id, line_id)
VALUES (98, 2);
INSERT INTO line_stations (stations_id, line_id)
VALUES (99, 2);
INSERT INTO line_stations (stations_id, line_id)
VALUES (100, 2);
INSERT INTO line_stations (stations_id, line_id)
VALUES (101, 2);
INSERT INTO line_stations (stations_id, line_id)
VALUES (102, 2);
INSERT INTO line_stations (stations_id, line_id)
VALUES (103, 2);
INSERT INTO line_stations (stations_id, line_id)
VALUES (104, 2);
INSERT INTO line_stations (stations_id, line_id)
VALUES (105, 2);
INSERT INTO line_stations (stations_id, line_id)
VALUES (106, 2);
INSERT INTO line_stations (stations_id, line_id)
VALUES (107, 2);
INSERT INTO line_stations (stations_id, line_id)
VALUES (108, 2);
INSERT INTO line_stations (stations_id, line_id)
VALUES (39, 2);
INSERT INTO line_stations (stations_id, line_id)
VALUES (110, 2);
INSERT INTO line_stations (stations_id, line_id)
VALUES (111, 2);
INSERT INTO line_stations (stations_id, line_id)
VALUES (112, 2);
INSERT INTO line_stations (stations_id, line_id)
VALUES (113, 2);
